{
  "small_regression": {
    "config": {
      "n_samples": 1000,
      "n_features": 20,
      "n_trees": 100,
      "max_depth": 6,
      "task": "regression"
    },
    "xgboost": {
      "mean_time_ms": 244.1794498008676,
      "std_time_ms": 3.4979287205074874,
      "mse": 5530.4736328125,
      "rmse": 74.36715426055041
    }
  },
  "medium_regression": {
    "config": {
      "n_samples": 5000,
      "n_features": 50,
      "n_trees": 100,
      "max_depth": 6,
      "task": "regression"
    },
    "xgboost": {
      "mean_time_ms": 362.39889160497114,
      "std_time_ms": 4.4583595526544215,
      "mse": 16098.5439453125,
      "rmse": 126.8800376155071
    }
  },
  "large_regression": {
    "config": {
      "n_samples": 20000,
      "n_features": 100,
      "n_trees": 100,
      "max_depth": 6,
      "task": "regression"
    },
    "xgboost": {
      "mean_time_ms": 643.9615583862178,
      "std_time_ms": 14.723467876864813,
      "mse": 34546.85546875,
      "rmse": 185.86784409561005
    }
  },
  "small_classification": {
    "config": {
      "n_samples": 1000,
      "n_features": 20,
      "n_trees": 100,
      "max_depth": 6,
      "task": "binary"
    },
    "xgboost": {
      "mean_time_ms": 177.5382666150108,
      "std_time_ms": 0.723318013440437,
      "accuracy": 0.9
    }
  },
  "medium_classification": {
    "config": {
      "n_samples": 5000,
      "n_features": 50,
      "n_trees": 100,
      "max_depth": 6,
      "task": "binary"
    },
    "xgboost": {
      "mean_time_ms": 290.64203321468085,
      "std_time_ms": 3.3372624901943433,
      "accuracy": 0.927
    }
  }
}